{
        "autoRollMaxAngle": 15.0,
        "autoRollMaxSpeed": 25.0,
        "flyEndAction": 0,
        "flyType": 1,
        "frameUpdateTime": 0.01666666753590107,
        "poiList": [
          {
            "lType": 1,
            "lAngle": 192.3848114013672,
            "lDistance": 7.144293308258057,
            "lLocation": {
              "x": 0.16034191846847535,
              "y": 0.33570820093154909,
              "z": 0.17733877897262574
            },
            "startSpeed": 8.0,
            "rotationEType": 0,
            "velocityEType": 3,
            "positionEType": 0,
            "segmentDist": 7.104631423950195,
            "position": {
              "x": -1.3719393014907838,
              "y": 1.8693597316741944,
              "z": -6.800701141357422
            },
            "rotation": {
              "x": 0.0,
              "y": 0.0,
              "z": -0.03351017087697983,
              "w": 0.9994384050369263
            }
          },
          {
            "lType": 1,
            "lAngle": 255.47216796875,
            "lDistance": 5.71482515335083,
            "lLocation": {
              "x": 0.020509004592895509,
              "y": 0.2773860692977905,
              "z": 0.19634711742401124
            },
            "startSpeed": 8.0,
            "rotationEType": 0,
            "velocityEType": 3,
            "positionEType": 0,
            "segmentDist": 8.279868125915528,
            "position": {
              "x": -5.511589527130127,
              "y": 2.6783535480499269,
              "z": -1.2372188568115235
            },
            "rotation": {
              "x": 0.0,
              "y": 0.0,
              "z": 0.0,
              "w": 1.0
            }
          },
          {
            "lType": 1,
            "lAngle": 338.86962890625,
            "lDistance": 6.600811958312988,
            "lLocation": {
              "x": 0.09953451156616211,
              "y": 0.2913089990615845,
              "z": -0.24086469411849976
            },
            "startSpeed": 8.0,
            "rotationEType": 0,
            "velocityEType": 3,
            "positionEType": 0,
            "segmentDist": 9.346184730529786,
            "position": {
              "x": -2.2799999713897707,
              "y": 1.6299999952316285,
              "z": 5.916125774383545
            },
            "rotation": {
              "x": 0.0,
              "y": 0.0,
              "z": 0.0,
              "w": 1.0
            }
          },
          {
            "lType": 1,
            "lAngle": 66.33769226074219,
            "lDistance": 6.925665378570557,
            "lLocation": {
              "x": -0.24340307712554933,
              "y": -0.200852632522583,
              "z": -0.16315430402755738
            },
            "startSpeed": 8.0,
            "rotationEType": 0,
            "velocityEType": 3,
            "positionEType": 0,
            "segmentDist": 7.383800506591797,
            "position": {
              "x": 6.099999904632568,
              "y": 2.4000000953674318,
              "z": 2.6164283752441408
            },
            "rotation": {
              "x": 0.0,
              "y": 0.0,
              "z": 0.0,
              "w": 1.0
            }
          },
          {
            "lType": 1,
            "lAngle": 129.02227783203126,
            "lDistance": 6.855189800262451,
            "lLocation": {
              "x": 0.02419412136077881,
              "y": 0.2528756856918335,
              "z": -0.21381914615631104
            },
            "startSpeed": 8.0,
            "rotationEType": 0,
            "velocityEType": 3,
            "positionEType": 0,
            "segmentDist": 0.0,
            "position": {
              "x": 5.349999904632568,
              "y": 2.049999952316284,
              "z": -4.53000020980835
            },
            "rotation": {
              "x": 0.0,
              "y": 0.0,
              "z": 0.0,
              "w": 1.0
            }
          }
        ],
        "posDamp": 0.30000001192092898,
        "rotDamp": 0.0,
        "startAtRuntime": true
  }